web:System,web:Client,Customer,web:URL,web:ID,web:Password
QKE Test,100,NiSource,https://setup.p2p.ihost.com:2443/p2p/srm/sap/bc/gui/sap/its/bbpstart?sap-client=100,ZNI_APPR,p2p1test
QKE Test,100,NiSource,https://setup.p2p.ihost.com:2443/p2p/srm/sap/bc/gui/sap/its/bbpstart?sap-client=100,ZNI_BADC10E,passw0rd
QKE Test,100,NiSource,https://setup.p2p.ihost.com:2443/p2p/srm/sap/bc/gui/sap/its/bbpstart?sap-client=100,ZNI_BADC20E,p2p1test
QKE Test,100,NiSource,https://setup.p2p.ihost.com:2443/p2p/srm/sap/bc/gui/sap/its/bbpstart?sap-client=100,ZNI_BADO10E,p2p2test
QKE Test,100,NiSource,https://setup.p2p.ihost.com:2443/p2p/srm/sap/bc/gui/sap/its/bbpstart?sap-client=100,ZNI_BADO20E,p2p2test
QKE Test,100,NiSource,https://setup.p2p.ihost.com:2443/p2p/srm/sap/bc/gui/sap/its/bbpstart?sap-client=100,ZNI_BADO30E,p2p1test
QKE Test,100,NiSource,https://setup.p2p.ihost.com:2443/p2p/srm/sap/bc/gui/sap/its/bbpstart?sap-client=100,ZNI_BADO40AE,p2p1test
QKE Test,100,NiSource,https://setup.p2p.ihost.com:2443/p2p/srm/sap/bc/gui/sap/its/bbpstart?sap-client=100,ZNI_BADO40E,p2p2test
QKE Test,100,NiSource,https://setup.p2p.ihost.com:2443/p2p/srm/sap/bc/gui/sap/its/bbpstart?sap-client=100,ZNI_BADO50AE,p2p1test
QKE Test,100,NiSource,https://setup.p2p.ihost.com:2443/p2p/srm/sap/bc/gui/sap/its/bbpstart?sap-client=100,ZNI_BADO50BE,p2p1test
QKE Test,100,NiSource,https://setup.p2p.ihost.com:2443/p2p/srm/sap/bc/gui/sap/its/bbpstart?sap-client=100,ZNI_BADO50E,p2p1test
QKE Test,100,NiSource,https://setup.p2p.ihost.com:2443/p2p/srm/sap/bc/gui/sap/its/bbpstart?sap-client=100,ZNI_BADO60BE,p2p1test
QKE Test,100,NiSource,https://setup.p2p.ihost.com:2443/p2p/srm/sap/bc/gui/sap/its/bbpstart?sap-client=100,ZNI_BAES00E,p2p1test
QKE Test,100,NiSource,https://setup.p2p.ihost.com:2443/p2p/srm/sap/bc/gui/sap/its/bbpstart?sap-client=100,ZNI_BAET10E,p2p1test
QKE Test,100,NiSource,https://setup.p2p.ihost.com:2443/p2p/srm/sap/bc/gui/sap/its/bbpstart?sap-client=100,ZNI_BAET20E,p2p2test
QKE Test,100,NiSource,https://setup.p2p.ihost.com:2443/p2p/srm/sap/bc/gui/sap/its/bbpstart?sap-client=100,ZNI_BAET30E,p2p5test
QKE Test,100,NiSource,https://setup.p2p.ihost.com:2443/p2p/srm/sap/bc/gui/sap/its/bbpstart?sap-client=100,ZNI_BAHR00E,p2p2test
QKE Test,100,NiSource,https://setup.p2p.ihost.com:2443/p2p/srm/sap/bc/gui/sap/its/bbpstart?sap-client=100,ZNI_BANC00E,p2p1test
QKE Test,100,NiSource,https://setup.p2p.ihost.com:2443/p2p/srm/sap/bc/gui/sap/its/bbpstart?sap-client=100,ZNI_BAOC10E,p2p1test
QKE Test,100,NiSource,https://setup.p2p.ihost.com:2443/p2p/srm/sap/bc/gui/sap/its/bbpstart?sap-client=100,ZNI_BATR10E,p2p2test
QKE Test,100,NiSource,https://setup.p2p.ihost.com:2443/p2p/srm/sap/bc/gui/sap/its/bbpstart?sap-client=100,ZNI_BATR20AE,p2p1test
QKE Test,100,NiSource,https://setup.p2p.ihost.com:2443/p2p/srm/sap/bc/gui/sap/its/bbpstart?sap-client=100,ZNI_BATR20E,p2p1test
QKE Test,100,NiSource,https://setup.p2p.ihost.com:2443/p2p/srm/sap/bc/gui/sap/its/bbpstart?sap-client=100,ZNI_BATR30E,p2p1test
QKE Test,100,NiSource,https://setup.p2p.ihost.com:2443/p2p/srm/sap/bc/gui/sap/its/bbpstart?sap-client=100,ZNI_BRAC00E,p2p1test
QKE Test,100,NiSource,https://setup.p2p.ihost.com:2443/p2p/srm/sap/bc/gui/sap/its/bbpstart?sap-client=100,ZNI_BRDC11E,p2p1test
QKE Test,100,NiSource,https://setup.p2p.ihost.com:2443/p2p/srm/sap/bc/gui/sap/its/bbpstart?sap-client=100,ZNI_BRDC21E,p2p1test
QKE Test,100,NiSource,https://setup.p2p.ihost.com:2443/p2p/srm/sap/bc/gui/sap/its/bbpstart?sap-client=100,ZNI_BRDO11E,p2p1test
QKE Test,100,NiSource,https://setup.p2p.ihost.com:2443/p2p/srm/sap/bc/gui/sap/its/bbpstart?sap-client=100,ZNI_BRDO21E,p2p1test
QKE Test,100,NiSource,https://setup.p2p.ihost.com:2443/p2p/srm/sap/bc/gui/sap/its/bbpstart?sap-client=100,ZNI_BRDO31E,p2p1test
QKE Test,100,NiSource,https://setup.p2p.ihost.com:2443/p2p/srm/sap/bc/gui/sap/its/bbpstart?sap-client=100,ZNI_BRDO41AE,p2p1test
QKE Test,100,NiSource,https://setup.p2p.ihost.com:2443/p2p/srm/sap/bc/gui/sap/its/bbpstart?sap-client=100,ZNI_BRDO41E,p2p1test
QKE Test,100,NiSource,https://setup.p2p.ihost.com:2443/p2p/srm/sap/bc/gui/sap/its/bbpstart?sap-client=100,ZNI_BRDO51AE,p2p1test
QKE Test,100,NiSource,https://setup.p2p.ihost.com:2443/p2p/srm/sap/bc/gui/sap/its/bbpstart?sap-client=100,ZNI_BRDO51BE,p2p1test
QKE Test,100,NiSource,https://setup.p2p.ihost.com:2443/p2p/srm/sap/bc/gui/sap/its/bbpstart?sap-client=100,ZNI_BRDO51E,p2p1test
QKE Test,100,NiSource,https://setup.p2p.ihost.com:2443/p2p/srm/sap/bc/gui/sap/its/bbpstart?sap-client=100,ZNI_BRDO61BE,p2p1test
QKE Test,100,NiSource,https://setup.p2p.ihost.com:2443/p2p/srm/sap/bc/gui/sap/its/bbpstart?sap-client=100,ZNI_BRET11E,p2p1test
QKE Test,100,NiSource,https://setup.p2p.ihost.com:2443/p2p/srm/sap/bc/gui/sap/its/bbpstart?sap-client=100,ZNI_BRET21E,p2p1test
QKE Test,100,NiSource,https://setup.p2p.ihost.com:2443/p2p/srm/sap/bc/gui/sap/its/bbpstart?sap-client=100,ZNI_BRET31E,p2p1test
QKE Test,100,NiSource,https://setup.p2p.ihost.com:2443/p2p/srm/sap/bc/gui/sap/its/bbpstart?sap-client=100,ZNI_BRHR01E,p2p1test
QKE Test,100,NiSource,https://setup.p2p.ihost.com:2443/p2p/srm/sap/bc/gui/sap/its/bbpstart?sap-client=100,ZNI_BRNC01E,p2p1test
QKE Test,100,NiSource,https://setup.p2p.ihost.com:2443/p2p/srm/sap/bc/gui/sap/its/bbpstart?sap-client=100,ZNI_BROC11E,p2p1test
QKE Test,100,NiSource,https://setup.p2p.ihost.com:2443/p2p/srm/sap/bc/gui/sap/its/bbpstart?sap-client=100,ZNI_BRTR11E,p2p5test
QKE Test,100,NiSource,https://setup.p2p.ihost.com:2443/p2p/srm/sap/bc/gui/sap/its/bbpstart?sap-client=100,ZNI_BRTR21AE,p2p1test
QKE Test,100,NiSource,https://setup.p2p.ihost.com:2443/p2p/srm/sap/bc/gui/sap/its/bbpstart?sap-client=100,ZNI_BRTR21E,p2p1test
QKE Test,100,NiSource,https://setup.p2p.ihost.com:2443/p2p/srm/sap/bc/gui/sap/its/bbpstart?sap-client=100,ZNI_BRTR31E,p2p1test
QKE Test,100,NiSource,https://setup.p2p.ihost.com:2443/p2p/srm/sap/bc/gui/sap/its/bbpstart?sap-client=100,ZNI_CLCTRADM,p2p5test
QKE Test,100,NiSource,https://setup.p2p.ihost.com:2443/p2p/srm/sap/bc/gui/sap/its/bbpstart?sap-client=100,ZNI_RCDO52AE,p2p1test
QKE Test,100,NiSource,https://setup.p2p.ihost.com:2443/p2p/srm/sap/bc/gui/sap/its/bbpstart?sap-client=100,ZNI_SC3,p2p1test
QKE Test,100,NiSource,https://setup.p2p.ihost.com:2443/p2p/srm/sap/bc/gui/sap/its/bbpstart?sap-client=100,ZNI_CAC3,p2p1test
QKE Test,100,Coty,https://setup.p2p.ihost.com:2443/p2p/srm/sap/bc/gui/sap/its/bbpstart?sap-client=100,ZCO_AABEX20E,p2p1test
QKE Test,100,Coty,https://setup.p2p.ihost.com:2443/p2p/srm/sap/bc/gui/sap/its/bbpstart?sap-client=100,ZCO_ARBEX31E,p2p1test
QKE Test,100,Coty,https://setup.p2p.ihost.com:2443/p2p/srm/sap/bc/gui/sap/its/bbpstart?sap-client=100,ZCO_BABAC00E,p2p1test
QKE Test,100,Coty,https://setup.p2p.ihost.com:2443/p2p/srm/sap/bc/gui/sap/its/bbpstart?sap-client=100,ZCO_BABAC01E,p2p1test
QKE Test,100,Coty,https://setup.p2p.ihost.com:2443/p2p/srm/sap/bc/gui/sap/its/bbpstart?sap-client=100,ZCO_BABAC10E,p2p1test
QKE Test,100,Coty,https://setup.p2p.ihost.com:2443/p2p/srm/sap/bc/gui/sap/its/bbpstart?sap-client=100,ZCO_BABAT10E,p2p1test
QKE Test,100,Coty,https://setup.p2p.ihost.com:2443/p2p/srm/sap/bc/gui/sap/its/bbpstart?sap-client=100,ZCO_BABAT20E,p2p1test
QKE Test,100,Coty,https://setup.p2p.ihost.com:2443/p2p/srm/sap/bc/gui/sap/its/bbpstart?sap-client=100,ZCO_BABAT30E,p2p1test
QKE Test,100,Coty,https://setup.p2p.ihost.com:2443/p2p/srm/sap/bc/gui/sap/its/bbpstart?sap-client=100,ZCO_BABAT31E,p2p1test
QKE Test,100,Coty,https://setup.p2p.ihost.com:2443/p2p/srm/sap/bc/gui/sap/its/bbpstart?sap-client=100,ZCO_BABAT32E,p2p1test
QKE Test,100,Coty,https://setup.p2p.ihost.com:2443/p2p/srm/sap/bc/gui/sap/its/bbpstart?sap-client=100,ZCO_BABAT33E,p2p1test
QKE Test,100,Coty,https://setup.p2p.ihost.com:2443/p2p/srm/sap/bc/gui/sap/its/bbpstart?sap-client=100,ZCO_BABAT34E,p2p1test
QKE Test,100,Coty,https://setup.p2p.ihost.com:2443/p2p/srm/sap/bc/gui/sap/its/bbpstart?sap-client=100,ZCO_BABAT35E,p2p1test
QKE Test,100,Coty,https://setup.p2p.ihost.com:2443/p2p/srm/sap/bc/gui/sap/its/bbpstart?sap-client=100,ZCO_BABAT36E,p2p1test
QKE Test,100,Coty,https://setup.p2p.ihost.com:2443/p2p/srm/sap/bc/gui/sap/its/bbpstart?sap-client=100,ZCO_BABAT37E,p2p1test
QKE Test,100,Coty,https://setup.p2p.ihost.com:2443/p2p/srm/sap/bc/gui/sap/its/bbpstart?sap-client=100,ZCO_BABB00E,p2p1test
QKE Test,100,Coty,https://setup.p2p.ihost.com:2443/p2p/srm/sap/bc/gui/sap/its/bbpstart?sap-client=100,ZCO_BABB10E,p2p2test 
QKE Test,100,Coty,https://setup.p2p.ihost.com:2443/p2p/srm/sap/bc/gui/sap/its/bbpstart?sap-client=100,ZCO_BABB11E,p2p2test
QKE Test,100,Coty,https://setup.p2p.ihost.com:2443/p2p/srm/sap/bc/gui/sap/its/bbpstart?sap-client=100,ZCO_BABBE10E,p2p2test
QKE Test,100,Coty,https://setup.p2p.ihost.com:2443/p2p/srm/sap/bc/gui/sap/its/bbpstart?sap-client=100,ZCO_BABBE20E,p2p1test
QKE Test,100,Coty,https://setup.p2p.ihost.com:2443/p2p/srm/sap/bc/gui/sap/its/bbpstart?sap-client=100,ZCO_BABBE30E,p2p2test
QKE Test,100,Coty,https://setup.p2p.ihost.com:2443/p2p/srm/sap/bc/gui/sap/its/bbpstart?sap-client=100,ZCO_BABBE31E,p2p2test
QKE Test,100,Coty,https://setup.p2p.ihost.com:2443/p2p/srm/sap/bc/gui/sap/its/bbpstart?sap-client=100,ZCO_BABC00E,p2p1test
QKE Test,100,Coty,https://setup.p2p.ihost.com:2443/p2p/srm/sap/bc/gui/sap/its/bbpstart?sap-client=100,ZCO_BABCC00E,p2p1test
QKE Test,100,Coty,https://setup.p2p.ihost.com:2443/p2p/srm/sap/bc/gui/sap/its/bbpstart?sap-client=100,ZCO_BABCH10E,p2p1test
QKE Test,100,Coty,https://setup.p2p.ihost.com:2443/p2p/srm/sap/bc/gui/sap/its/bbpstart?sap-client=100,ZCO_BABCH20E,p2p1test
QKE Test,100,Coty,https://setup.p2p.ihost.com:2443/p2p/srm/sap/bc/gui/sap/its/bbpstart?sap-client=100,ZCO_BABCH30E,p2p1test
QKE Test,100,Coty,https://setup.p2p.ihost.com:2443/p2p/srm/sap/bc/gui/sap/its/bbpstart?sap-client=100,ZCO_BABCH31E,p2p1test
QKE Test,100,Coty,https://setup.p2p.ihost.com:2443/p2p/srm/sap/bc/gui/sap/its/bbpstart?sap-client=100,ZCO_BABDE10E,p2p1test
QKE Test,100,Coty,https://setup.p2p.ihost.com:2443/p2p/srm/sap/bc/gui/sap/its/bbpstart?sap-client=100,ZCO_BABDE20E,passw0rd
QKE Test,100,Coty,https://setup.p2p.ihost.com:2443/p2p/srm/sap/bc/gui/sap/its/bbpstart?sap-client=100,ZCO_BABDE21E,p2p1test
QKE Test,100,Coty,https://setup.p2p.ihost.com:2443/p2p/srm/sap/bc/gui/sap/its/bbpstart?sap-client=100,ZCO_BABDE22E,p2p1test
QKE Test,100,Coty,https://setup.p2p.ihost.com:2443/p2p/srm/sap/bc/gui/sap/its/bbpstart?sap-client=100,ZCO_BABDE23E,p2p1test
QKE Test,100,Coty,https://setup.p2p.ihost.com:2443/p2p/srm/sap/bc/gui/sap/its/bbpstart?sap-client=100,ZCO_BABDE24E,p2p1test
QKE Test,100,Coty,https://setup.p2p.ihost.com:2443/p2p/srm/sap/bc/gui/sap/its/bbpstart?sap-client=100,ZCO_BABDE30E,p2p1test
QKE Test,100,Coty,https://setup.p2p.ihost.com:2443/p2p/srm/sap/bc/gui/sap/its/bbpstart?sap-client=100,ZCO_BABDE31E,p2p1test
QKE Test,100,Coty,https://setup.p2p.ihost.com:2443/p2p/srm/sap/bc/gui/sap/its/bbpstart?sap-client=100,ZCO_BABDE32E,p2p1test
QKE Test,100,Coty,https://setup.p2p.ihost.com:2443/p2p/srm/sap/bc/gui/sap/its/bbpstart?sap-client=100,ZCO_BABDE33E,p2p1test
QKE Test,100,Coty,https://setup.p2p.ihost.com:2443/p2p/srm/sap/bc/gui/sap/its/bbpstart?sap-client=100,ZCO_BABDS00E,p2p1test
QKE Test,100,Coty,https://setup.p2p.ihost.com:2443/p2p/srm/sap/bc/gui/sap/its/bbpstart?sap-client=100,ZCO_BABDS01E,p2p1test
QKE Test,100,Coty,https://setup.p2p.ihost.com:2443/p2p/srm/sap/bc/gui/sap/its/bbpstart?sap-client=100,ZCO_BABDX10E,p2p1test
QKE Test,100,Coty,https://setup.p2p.ihost.com:2443/p2p/srm/sap/bc/gui/sap/its/bbpstart?sap-client=100,ZCO_BABDX20E,p2p1test
QKE Test,100,Coty,https://setup.p2p.ihost.com:2443/p2p/srm/sap/bc/gui/sap/its/bbpstart?sap-client=100,ZCO_BABDX30E,p2p1test
QKE Test,100,Coty,https://setup.p2p.ihost.com:2443/p2p/srm/sap/bc/gui/sap/its/bbpstart?sap-client=100,ZCO_BABDX31E,p2p1test
QKE Test,100,Coty,https://setup.p2p.ihost.com:2443/p2p/srm/sap/bc/gui/sap/its/bbpstart?sap-client=100,ZCO_BABDX32E,p2p1test
QKE Test,100,Coty,https://setup.p2p.ihost.com:2443/p2p/srm/sap/bc/gui/sap/its/bbpstart?sap-client=100,ZCO_BABDX33E,p2p1test
QKE Test,100,Coty,https://setup.p2p.ihost.com:2443/p2p/srm/sap/bc/gui/sap/its/bbpstart?sap-client=100,ZCO_BABDX34E,p2p1test
QKE Test,100,Coty,https://setup.p2p.ihost.com:2443/p2p/srm/sap/bc/gui/sap/its/bbpstart?sap-client=100,ZCO_BABDX35E,p2p1test
QKE Test,100,Coty,https://setup.p2p.ihost.com:2443/p2p/srm/sap/bc/gui/sap/its/bbpstart?sap-client=100,ZCO_BABDX36E,p2p1test
QKE Test,100,Coty,https://setup.p2p.ihost.com:2443/p2p/srm/sap/bc/gui/sap/its/bbpstart?sap-client=100,ZCO_BABES10E,p2p1test
QKE Test,100,Coty,https://setup.p2p.ihost.com:2443/p2p/srm/sap/bc/gui/sap/its/bbpstart?sap-client=100,ZCO_BABES20E,p2p1test
QKE Test,100,Coty,https://setup.p2p.ihost.com:2443/p2p/srm/sap/bc/gui/sap/its/bbpstart?sap-client=100,ZCO_BABES30E,p2p1test
QKE Test,100,Coty,https://setup.p2p.ihost.com:2443/p2p/srm/sap/bc/gui/sap/its/bbpstart?sap-client=100,ZCO_BABES31E,p2p1test
QKE Test,100,Coty,https://setup.p2p.ihost.com:2443/p2p/srm/sap/bc/gui/sap/its/bbpstart?sap-client=100,ZCO_BABEX10E,p2p1test
QKE Test,100,Coty,https://setup.p2p.ihost.com:2443/p2p/srm/sap/bc/gui/sap/its/bbpstart?sap-client=100,ZCO_BABEX30E,p2p1test
QKE Test,100,Coty,https://setup.p2p.ihost.com:2443/p2p/srm/sap/bc/gui/sap/its/bbpstart?sap-client=100,ZCO_BABIT10E,p2p1test
QKE Test,100,Coty,https://setup.p2p.ihost.com:2443/p2p/srm/sap/bc/gui/sap/its/bbpstart?sap-client=100,ZCO_BABIT20E,p2p1test
QKE Test,100,Coty,https://setup.p2p.ihost.com:2443/p2p/srm/sap/bc/gui/sap/its/bbpstart?sap-client=100,ZCO_BABIT30E,p2p1test
QKE Test,100,Coty,https://setup.p2p.ihost.com:2443/p2p/srm/sap/bc/gui/sap/its/bbpstart?sap-client=100,ZCO_BABIT31E,p2p1test
QKE Test,100,Coty,https://setup.p2p.ihost.com:2443/p2p/srm/sap/bc/gui/sap/its/bbpstart?sap-client=100,ZCO_BABNL10E,p2p1test
QKE Test,100,Coty,https://setup.p2p.ihost.com:2443/p2p/srm/sap/bc/gui/sap/its/bbpstart?sap-client=100,ZCO_BABNL20E,p2p1test
QKE Test,100,Coty,https://setup.p2p.ihost.com:2443/p2p/srm/sap/bc/gui/sap/its/bbpstart?sap-client=100,ZCO_BABNL30E,p2p1test
QKE Test,100,Coty,https://setup.p2p.ihost.com:2443/p2p/srm/sap/bc/gui/sap/its/bbpstart?sap-client=100,ZCO_BABNL31E,p2p1test
QKE Test,100,Coty,https://setup.p2p.ihost.com:2443/p2p/srm/sap/bc/gui/sap/its/bbpstart?sap-client=100,ZCO_BABNX20E,p2p1test
QKE Test,100,Coty,https://setup.p2p.ihost.com:2443/p2p/srm/sap/bc/gui/sap/its/bbpstart?sap-client=100,ZCO_BABNX30E,p2p1test
QKE Test,100,Coty,https://setup.p2p.ihost.com:2443/p2p/srm/sap/bc/gui/sap/its/bbpstart?sap-client=100,ZCO_BABPT10E,p2p1test
QKE Test,100,Coty,https://setup.p2p.ihost.com:2443/p2p/srm/sap/bc/gui/sap/its/bbpstart?sap-client=100,ZCO_BABPT20E,p2p1test
QKE Test,100,Coty,https://setup.p2p.ihost.com:2443/p2p/srm/sap/bc/gui/sap/its/bbpstart?sap-client=100,ZCO_BABPT30P,passw0rd
QKE Test,100,Coty,https://setup.p2p.ihost.com:2443/p2p/srm/sap/bc/gui/sap/its/bbpstart?sap-client=100,ZCO_BABPT31E,p2p1test
QKE Test,100,Coty,https://setup.p2p.ihost.com:2443/p2p/srm/sap/bc/gui/sap/its/bbpstart?sap-client=100,ZCO_BADB00E,p2p1test
QKE Test,100,Coty,https://setup.p2p.ihost.com:2443/p2p/srm/sap/bc/gui/sap/its/bbpstart?sap-client=100,ZCO_BADB10E,p2p1test
QKE Test,100,Coty,https://setup.p2p.ihost.com:2443/p2p/srm/sap/bc/gui/sap/its/bbpstart?sap-client=100,ZCO_BAED00E,p2p1test
QKE Test,100,Coty,https://setup.p2p.ihost.com:2443/p2p/srm/sap/bc/gui/sap/its/bbpstart?sap-client=100,ZCO_BAED10E,p2p1test
QKE Test,100,Coty,https://setup.p2p.ihost.com:2443/p2p/srm/sap/bc/gui/sap/its/bbpstart?sap-client=100,ZCO_BAED11E,p2p1test
QKE Test,100,Coty,https://setup.p2p.ihost.com:2443/p2p/srm/sap/bc/gui/sap/its/bbpstart?sap-client=100,ZCO_BAET00E,p2p1test
QKE Test,100,Coty,https://setup.p2p.ihost.com:2443/p2p/srm/sap/bc/gui/sap/its/bbpstart?sap-client=100,ZCO_BAHM11E,p2p1test
QKE Test,100,Coty,https://setup.p2p.ihost.com:2443/p2p/srm/sap/bc/gui/sap/its/bbpstart?sap-client=100,ZCO_BAHQ00E,p2p1test
QKE Test,100,Coty,https://setup.p2p.ihost.com:2443/p2p/srm/sap/bc/gui/sap/its/bbpstart?sap-client=100,ZCO_BAJG10E,p2p1test
QKE Test,100,Coty,https://setup.p2p.ihost.com:2443/p2p/srm/sap/bc/gui/sap/its/bbpstart?sap-client=100,ZCO_BAJS00E,p2p1test
QKE Test,100,Coty,https://setup.p2p.ihost.com:2443/p2p/srm/sap/bc/gui/sap/its/bbpstart?sap-client=100,ZCO_BAJS10E,p2p1test
QKE Test,100,Coty,https://setup.p2p.ihost.com:2443/p2p/srm/sap/bc/gui/sap/its/bbpstart?sap-client=100,ZCO_BAJS11E,p2p1test
QKE Test,100,Coty,https://setup.p2p.ihost.com:2443/p2p/srm/sap/bc/gui/sap/its/bbpstart?sap-client=100,ZCO_BALP10E,p2p1test
QKE Test,100,Coty,https://setup.p2p.ihost.com:2443/p2p/srm/sap/bc/gui/sap/its/bbpstart?sap-client=100,ZCO_BALP11E,p2p1test
QKE Test,100,Coty,https://setup.p2p.ihost.com:2443/p2p/srm/sap/bc/gui/sap/its/bbpstart?sap-client=100,ZCO_BALQ11E,p2p1test
QKE Test,100,Coty,https://setup.p2p.ihost.com:2443/p2p/srm/sap/bc/gui/sap/its/bbpstart?sap-client=100,ZCO_BALQ120E,p2p1test
QKE Test,100,Coty,https://setup.p2p.ihost.com:2443/p2p/srm/sap/bc/gui/sap/its/bbpstart?sap-client=100,ZCO_BALQ121E,p2p1test
QKE Test,100,Coty,https://setup.p2p.ihost.com:2443/p2p/srm/sap/bc/gui/sap/its/bbpstart?sap-client=100,ZCO_BALQ131E,p2p1test
QKE Test,100,Coty,https://setup.p2p.ihost.com:2443/p2p/srm/sap/bc/gui/sap/its/bbpstart?sap-client=100,ZCO_BALQ20E,p2p1test
QKE Test,100,Coty,https://setup.p2p.ihost.com:2443/p2p/srm/sap/bc/gui/sap/its/bbpstart?sap-client=100,ZCO_BALQ21E,p2p1test
QKE Test,100,Coty,https://setup.p2p.ihost.com:2443/p2p/srm/sap/bc/gui/sap/its/bbpstart?sap-client=100,ZCO_BALQ31E,p2p1test
QKE Test,100,Coty,https://setup.p2p.ihost.com:2443/p2p/srm/sap/bc/gui/sap/its/bbpstart?sap-client=100,ZCO_BAMA10E,p2p1test
QKE Test,100,Coty,https://setup.p2p.ihost.com:2443/p2p/srm/sap/bc/gui/sap/its/bbpstart?sap-client=100,ZCO_BAMA11E,p2p1test
QKE Test,100,Coty,https://setup.p2p.ihost.com:2443/p2p/srm/sap/bc/gui/sap/its/bbpstart?sap-client=100,ZCO_BAMF10E,p2p1test
QKE Test,100,Coty,https://setup.p2p.ihost.com:2443/p2p/srm/sap/bc/gui/sap/its/bbpstart?sap-client=100,ZCO_BAMF11E,p2p1test
QKE Test,100,Coty,https://setup.p2p.ihost.com:2443/p2p/srm/sap/bc/gui/sap/its/bbpstart?sap-client=100,ZCO_BANP130E,p2p1test
QKE Test,100,Coty,https://setup.p2p.ihost.com:2443/p2p/srm/sap/bc/gui/sap/its/bbpstart?sap-client=100,ZCO_BANP131E,p2p1test
QKE Test,100,Coty,https://setup.p2p.ihost.com:2443/p2p/srm/sap/bc/gui/sap/its/bbpstart?sap-client=100,ZCO_BANP20E,p2p1test
QKE Test,100,Coty,https://setup.p2p.ihost.com:2443/p2p/srm/sap/bc/gui/sap/its/bbpstart?sap-client=100,ZCO_BANP230E,p2p1test
QKE Test,100,Coty,https://setup.p2p.ihost.com:2443/p2p/srm/sap/bc/gui/sap/its/bbpstart?sap-client=100,ZCO_BANP231E,p2p1test
QKE Test,100,Coty,https://setup.p2p.ihost.com:2443/p2p/srm/sap/bc/gui/sap/its/bbpstart?sap-client=100,ZCO_BANP31E,p2p1test
QKE Test,100,Coty,https://setup.p2p.ihost.com:2443/p2p/srm/sap/bc/gui/sap/its/bbpstart?sap-client=100,ZCO_BAONX10E,p2p1test
QKE Test,100,Coty,https://setup.p2p.ihost.com:2443/p2p/srm/sap/bc/gui/sap/its/bbpstart?sap-client=100,ZCO_BAONX20E,p2p1test
QKE Test,100,Coty,https://setup.p2p.ihost.com:2443/p2p/srm/sap/bc/gui/sap/its/bbpstart?sap-client=100,ZCO_BAONX21E,p2p1test
QKE Test,100,Coty,https://setup.p2p.ihost.com:2443/p2p/srm/sap/bc/gui/sap/its/bbpstart?sap-client=100,ZCO_BAONX30E,p2p1test
QKE Test,100,Coty,https://setup.p2p.ihost.com:2443/p2p/srm/sap/bc/gui/sap/its/bbpstart?sap-client=100,ZCO_BAONX31E,p2p1test
QKE Test,100,Coty,https://setup.p2p.ihost.com:2443/p2p/srm/sap/bc/gui/sap/its/bbpstart?sap-client=100,ZCO_BAONX32E,p2p1test
QKE Test,100,Coty,https://setup.p2p.ihost.com:2443/p2p/srm/sap/bc/gui/sap/its/bbpstart?sap-client=100,ZCO_BAONX33E,p2p1test
QKE Test,100,Coty,https://setup.p2p.ihost.com:2443/p2p/srm/sap/bc/gui/sap/its/bbpstart?sap-client=100,ZCO_BAPAT10E,p2p1test
QKE Test,100,Coty,https://setup.p2p.ihost.com:2443/p2p/srm/sap/bc/gui/sap/its/bbpstart?sap-client=100,ZCO_BAPAT20E,p2p1test
QKE Test,100,Coty,https://setup.p2p.ihost.com:2443/p2p/srm/sap/bc/gui/sap/its/bbpstart?sap-client=100,ZCO_BAPAT21E,p2p1test
QKE Test,100,Coty,https://setup.p2p.ihost.com:2443/p2p/srm/sap/bc/gui/sap/its/bbpstart?sap-client=100,ZCO_BAPAT30E,p2p1test
QKE Test,100,Coty,https://setup.p2p.ihost.com:2443/p2p/srm/sap/bc/gui/sap/its/bbpstart?sap-client=100,ZCO_BAPAT31E,p2p1test
QKE Test,100,Coty,https://setup.p2p.ihost.com:2443/p2p/srm/sap/bc/gui/sap/its/bbpstart?sap-client=100,ZCO_BAPAT32E,p2p1test
QKE Test,100,Coty,https://setup.p2p.ihost.com:2443/p2p/srm/sap/bc/gui/sap/its/bbpstart?sap-client=100,ZCO_BAPAT33E,p2p1test
QKE Test,100,Coty,https://setup.p2p.ihost.com:2443/p2p/srm/sap/bc/gui/sap/its/bbpstart?sap-client=100,ZCO_BAPAT34E,p2p1test
QKE Test,100,Coty,https://setup.p2p.ihost.com:2443/p2p/srm/sap/bc/gui/sap/its/bbpstart?sap-client=100,ZCO_BAPBE10E,p2p1test
QKE Test,100,Coty,https://setup.p2p.ihost.com:2443/p2p/srm/sap/bc/gui/sap/its/bbpstart?sap-client=100,ZCO_BAPBE20E,p2p1test
QKE Test,100,Coty,https://setup.p2p.ihost.com:2443/p2p/srm/sap/bc/gui/sap/its/bbpstart?sap-client=100,ZCO_BAPBE21E,p2p1test
QKE Test,100,Coty,https://setup.p2p.ihost.com:2443/p2p/srm/sap/bc/gui/sap/its/bbpstart?sap-client=100,ZCO_BAPBE30E,p2p1test
QKE Test,100,Coty,https://setup.p2p.ihost.com:2443/p2p/srm/sap/bc/gui/sap/its/bbpstart?sap-client=100,ZCO_BAPBE31E,p2p1test
QKE Test,100,Coty,https://setup.p2p.ihost.com:2443/p2p/srm/sap/bc/gui/sap/its/bbpstart?sap-client=100,ZCO_BAPCH10E,p2p1test
QKE Test,100,Coty,https://setup.p2p.ihost.com:2443/p2p/srm/sap/bc/gui/sap/its/bbpstart?sap-client=100,ZCO_BAPCH20E,p2p1test
QKE Test,100,Coty,https://setup.p2p.ihost.com:2443/p2p/srm/sap/bc/gui/sap/its/bbpstart?sap-client=100,ZCO_BAPCH21F,p2p1test
QKE Test,100,Coty,https://setup.p2p.ihost.com:2443/p2p/srm/sap/bc/gui/sap/its/bbpstart?sap-client=100,ZCO_BAPCH30E,p2p1test
QKE Test,100,Coty,https://setup.p2p.ihost.com:2443/p2p/srm/sap/bc/gui/sap/its/bbpstart?sap-client=100,ZCO_BAPCH31E,p2p1test
QKE Test,100,Coty,https://setup.p2p.ihost.com:2443/p2p/srm/sap/bc/gui/sap/its/bbpstart?sap-client=100,ZCO_BAPDE10E,p2p1test
QKE Test,100,Coty,https://setup.p2p.ihost.com:2443/p2p/srm/sap/bc/gui/sap/its/bbpstart?sap-client=100,ZCO_BAPDE20E,p2p1test
QKE Test,100,Coty,https://setup.p2p.ihost.com:2443/p2p/srm/sap/bc/gui/sap/its/bbpstart?sap-client=100,ZCO_BAPDE21E,p2p1test
QKE Test,100,Coty,https://setup.p2p.ihost.com:2443/p2p/srm/sap/bc/gui/sap/its/bbpstart?sap-client=100,ZCO_BAPDE30E,p2p1test
QKE Test,100,Coty,https://setup.p2p.ihost.com:2443/p2p/srm/sap/bc/gui/sap/its/bbpstart?sap-client=100,ZCO_BAPDE31G,p2p1test
QKE Test,100,Coty,https://setup.p2p.ihost.com:2443/p2p/srm/sap/bc/gui/sap/its/bbpstart?sap-client=100,ZCO_BAPDE32E,p2p1test
QKE Test,100,Coty,https://setup.p2p.ihost.com:2443/p2p/srm/sap/bc/gui/sap/its/bbpstart?sap-client=100,ZCO_BAPES10E,p2p1test
QKE Test,100,Coty,https://setup.p2p.ihost.com:2443/p2p/srm/sap/bc/gui/sap/its/bbpstart?sap-client=100,ZCO_BAPES20E,p2p1test
QKE Test,100,Coty,https://setup.p2p.ihost.com:2443/p2p/srm/sap/bc/gui/sap/its/bbpstart?sap-client=100,ZCO_BAPES30E,p2p1test
QKE Test,100,Coty,https://setup.p2p.ihost.com:2443/p2p/srm/sap/bc/gui/sap/its/bbpstart?sap-client=100,ZCO_BAPES31E,p2p1test
QKE Test,100,Coty,https://setup.p2p.ihost.com:2443/p2p/srm/sap/bc/gui/sap/its/bbpstart?sap-client=100,ZCO_BAPES32S,p2p1test
QKE Test,100,Coty,https://setup.p2p.ihost.com:2443/p2p/srm/sap/bc/gui/sap/its/bbpstart?sap-client=100,ZCO_BAPES33E,p2p1test
QKE Test,100,Coty,https://setup.p2p.ihost.com:2443/p2p/srm/sap/bc/gui/sap/its/bbpstart?sap-client=100,ZCO_BAPIT10E,p2p1test
QKE Test,100,Coty,https://setup.p2p.ihost.com:2443/p2p/srm/sap/bc/gui/sap/its/bbpstart?sap-client=100,ZCO_BAPIT20E,p2p2test
QKE Test,100,Coty,https://setup.p2p.ihost.com:2443/p2p/srm/sap/bc/gui/sap/its/bbpstart?sap-client=100,ZCO_BAPIT21I,p2p3test
QKE Test,100,Coty,https://setup.p2p.ihost.com:2443/p2p/srm/sap/bc/gui/sap/its/bbpstart?sap-client=100,ZCO_BAPIT22I,passw1rd
QKE Test,100,Coty,https://setup.p2p.ihost.com:2443/p2p/srm/sap/bc/gui/sap/its/bbpstart?sap-client=100,ZCO_BAPIT30E,p2p1test
QKE Test,100,Coty,https://setup.p2p.ihost.com:2443/p2p/srm/sap/bc/gui/sap/its/bbpstart?sap-client=100,ZCO_BAPIT31E,p2p5test
QKE Test,100,Coty,https://setup.p2p.ihost.com:2443/p2p/srm/sap/bc/gui/sap/its/bbpstart?sap-client=100,ZCO_BAPN00E,p2p2test
QKE Test,100,Coty,https://setup.p2p.ihost.com:2443/p2p/srm/sap/bc/gui/sap/its/bbpstart?sap-client=100,ZCO_BAPN10E,p2p1test
QKE Test,100,Coty,https://setup.p2p.ihost.com:2443/p2p/srm/sap/bc/gui/sap/its/bbpstart?sap-client=100,ZCO_BAPN11E,p2p2test
QKE Test,100,Coty,https://setup.p2p.ihost.com:2443/p2p/srm/sap/bc/gui/sap/its/bbpstart?sap-client=100,ZCO_BAPNL10E,p2p1test
QKE Test,100,Coty,https://setup.p2p.ihost.com:2443/p2p/srm/sap/bc/gui/sap/its/bbpstart?sap-client=100,ZCO_BAPNL20E,p2p1test
QKE Test,100,Coty,https://setup.p2p.ihost.com:2443/p2p/srm/sap/bc/gui/sap/its/bbpstart?sap-client=100,ZCO_BAPNL21E,p2p1test
QKE Test,100,Coty,https://setup.p2p.ihost.com:2443/p2p/srm/sap/bc/gui/sap/its/bbpstart?sap-client=100,ZCO_BAPNL30D,p2p1test
QKE Test,100,Coty,https://setup.p2p.ihost.com:2443/p2p/srm/sap/bc/gui/sap/its/bbpstart?sap-client=100,ZCO_BAPNL31E,p2p1test
QKE Test,100,Coty,https://setup.p2p.ihost.com:2443/p2p/srm/sap/bc/gui/sap/its/bbpstart?sap-client=100,ZCO_BAPNX10E,p2p1test
QKE Test,100,Coty,https://setup.p2p.ihost.com:2443/p2p/srm/sap/bc/gui/sap/its/bbpstart?sap-client=100,ZCO_BAPNX20E,p2p1test
QKE Test,100,Coty,https://setup.p2p.ihost.com:2443/p2p/srm/sap/bc/gui/sap/its/bbpstart?sap-client=100,ZCO_BAPNX21E,p2p1test
QKE Test,100,Coty,https://setup.p2p.ihost.com:2443/p2p/srm/sap/bc/gui/sap/its/bbpstart?sap-client=100,ZCO_BAPNX30E,p2p1test
QKE Test,100,Coty,https://setup.p2p.ihost.com:2443/p2p/srm/sap/bc/gui/sap/its/bbpstart?sap-client=100,ZCO_BAPNX31E,p2p1test
QKE Test,100,Coty,https://setup.p2p.ihost.com:2443/p2p/srm/sap/bc/gui/sap/its/bbpstart?sap-client=100,ZCO_BAPNX32E,p2p1test
QKE Test,100,Coty,https://setup.p2p.ihost.com:2443/p2p/srm/sap/bc/gui/sap/its/bbpstart?sap-client=100,ZCO_BAPNX33E,p2p1test
QKE Test,100,Coty,https://setup.p2p.ihost.com:2443/p2p/srm/sap/bc/gui/sap/its/bbpstart?sap-client=100,ZCO_BAPTR00E,p2p1test
QKE Test,100,Coty,https://setup.p2p.ihost.com:2443/p2p/srm/sap/bc/gui/sap/its/bbpstart?sap-client=100,ZCO_BAPTR01E,p2p1test
QKE Test,100,Coty,https://setup.p2p.ihost.com:2443/p2p/srm/sap/bc/gui/sap/its/bbpstart?sap-client=100,ZCO_BAPTX10E,p2p1test
QKE Test,100,Coty,https://setup.p2p.ihost.com:2443/p2p/srm/sap/bc/gui/sap/its/bbpstart?sap-client=100,ZCO_BAPTX20E,p2p1test
QKE Test,100,Coty,https://setup.p2p.ihost.com:2443/p2p/srm/sap/bc/gui/sap/its/bbpstart?sap-client=100,ZCO_BAPTX21E,p2p1test
QKE Test,100,Coty,https://setup.p2p.ihost.com:2443/p2p/srm/sap/bc/gui/sap/its/bbpstart?sap-client=100,ZCO_BAPTX30E,p2p1test
QKE Test,100,Coty,https://setup.p2p.ihost.com:2443/p2p/srm/sap/bc/gui/sap/its/bbpstart?sap-client=100,ZCO_BAPTX31E,p2p1test
QKE Test,100,Coty,https://setup.p2p.ihost.com:2443/p2p/srm/sap/bc/gui/sap/its/bbpstart?sap-client=100,ZCO_BAPTX32E,p2p1test
QKE Test,100,Coty,https://setup.p2p.ihost.com:2443/p2p/srm/sap/bc/gui/sap/its/bbpstart?sap-client=100,ZCO_BAPTX33E,p2p1test
QKE Test,100,Coty,https://setup.p2p.ihost.com:2443/p2p/srm/sap/bc/gui/sap/its/bbpstart?sap-client=100,ZCO_BASA11E,p2p1test
QKE Test,100,Coty,https://setup.p2p.ihost.com:2443/p2p/srm/sap/bc/gui/sap/its/bbpstart?sap-client=100,ZCO_BASD00E,p2p1test
QKE Test,100,Coty,https://setup.p2p.ihost.com:2443/p2p/srm/sap/bc/gui/sap/its/bbpstart?sap-client=100,ZCO_BASD10E,p2p1test
QKE Test,100,Coty,https://setup.p2p.ihost.com:2443/p2p/srm/sap/bc/gui/sap/its/bbpstart?sap-client=100,ZCO_BASF00E,p2p1test
QKE Test,100,Coty,https://setup.p2p.ihost.com:2443/p2p/srm/sap/bc/gui/sap/its/bbpstart?sap-client=100,ZCO_BASF10E,p2p1test
QKE Test,100,Coty,https://setup.p2p.ihost.com:2443/p2p/srm/sap/bc/gui/sap/its/bbpstart?sap-client=100,ZCO_BASF11E,p2p1test
QKE Test,100,Coty,https://setup.p2p.ihost.com:2443/p2p/srm/sap/bc/gui/sap/its/bbpstart?sap-client=100,ZCO_BASM10E,p2p1test
QKE Test,100,Coty,https://setup.p2p.ihost.com:2443/p2p/srm/sap/bc/gui/sap/its/bbpstart?sap-client=100,ZCO_BASM11E,p2p1test
QKE Test,100,Coty,https://setup.p2p.ihost.com:2443/p2p/srm/sap/bc/gui/sap/its/bbpstart?sap-client=100,ZCO_BASM120E,p2p1test
QKE Test,100,Coty,https://setup.p2p.ihost.com:2443/p2p/srm/sap/bc/gui/sap/its/bbpstart?sap-client=100,ZCO_BASM130E,p2p1test
QKE Test,100,Coty,https://setup.p2p.ihost.com:2443/p2p/srm/sap/bc/gui/sap/its/bbpstart?sap-client=100,ZCO_BASM131E,p2p1test
QKE Test,100,Coty,https://setup.p2p.ihost.com:2443/p2p/srm/sap/bc/gui/sap/its/bbpstart?sap-client=100,ZCO_BASM230E,p2p1test
QKE Test,100,Coty,https://setup.p2p.ihost.com:2443/p2p/srm/sap/bc/gui/sap/its/bbpstart?sap-client=100,ZCO_BASM231E,p2p1test
QKE Test,100,Coty,https://setup.p2p.ihost.com:2443/p2p/srm/sap/bc/gui/sap/its/bbpstart?sap-client=100,ZCO_BATS20E,p2p1test
QKE Test,100,Coty,https://setup.p2p.ihost.com:2443/p2p/srm/sap/bc/gui/sap/its/bbpstart?sap-client=100,ZCO_GABNX10E,p2p1test
QKE Test,100,Coty,https://setup.p2p.ihost.com:2443/p2p/srm/sap/bc/gui/sap/its/bbpstart?sap-client=100,ZCO_GRBNX31E,p2p1test
QKE Test,100,Coty,https://setup.p2p.ihost.com:2443/p2p/srm/sap/bc/gui/sap/its/bbpstart?sap-client=100,ZCO_CAC3,qke1test
QKE Test,100,Coty,https://setup.p2p.ihost.com:2443/p2p/srm/sap/bc/gui/sap/its/bbpstart?sap-client=100,ZCO_CAC1,passw0rd
QKE Test,200,Omron,https://setup.p2p.ihost.com:2443/p2p/srm/sap/bc/gui/sap/its/bbpstart?sap-client=200,ZQE2_REQAPP1@us.ibm.com,passw0rd
QKE Test,200,Omron,https://setup.p2p.ihost.com:2443/p2p/srm/sap/bc/gui/sap/its/bbpstart?sap-client=200,ZQE2_REQAPP2@us.ibm.com,passw0rd
QKE Test,200,Omron,https://setup.p2p.ihost.com:2443/p2p/srm/sap/bc/gui/sap/its/bbpstart?sap-client=200,ZQE2_REQAPP3@us.ibm.com,passw0rd
QKE Test,200,Omron,https://setup.p2p.ihost.com:2443/p2p/srm/sap/bc/gui/sap/its/bbpstart?sap-client=200,ZQE2_REQAPP4@us.ibm.com,passw0rd
QKE Test,200,Omron,https://setup.p2p.ihost.com:2443/p2p/srm/sap/bc/gui/sap/its/bbpstart?sap-client=200,ZQE2_REQAPP5@us.ibm.com,passw0rd
QKE Test,200,Omron,https://setup.p2p.ihost.com:2443/p2p/srm/sap/bc/gui/sap/its/bbpstart?sap-client=200,ZQE2_REQAPP6@us.ibm.com,passw0rd
QKE Test,200,Omron,https://setup.p2p.ihost.com:2443/p2p/srm/sap/bc/gui/sap/its/bbpstart?sap-client=200,ZQE2_REQAPP7@us.ibm.com,passw0rd
QKE Test,200,Omron,https://setup.p2p.ihost.com:2443/p2p/srm/sap/bc/gui/sap/its/bbpstart?sap-client=200,ZQE2_REQAPP8@us.ibm.com,passw0rd
QKE Test,200,Omron,https://setup.p2p.ihost.com:2443/p2p/srm/sap/bc/gui/sap/its/bbpstart?sap-client=200,ZQE2_REQAPP9@us.ibm.com,passw0rd
QKE Test,200,Omron,https://setup.p2p.ihost.com:2443/p2p/srm/sap/bc/gui/sap/its/bbpstart?sap-client=200,ZQE2_REQAP10@us.ibm.com,passw0rd
QKE Test,200,Omron,https://setup.p2p.ihost.com:2443/p2p/srm/sap/bc/gui/sap/its/bbpstart?sap-client=200,ZQE2_REQAP11@us.ibm.com,passw0rd
QKE Test,200,Omron,https://setup.p2p.ihost.com:2443/p2p/srm/sap/bc/gui/sap/its/bbpstart?sap-client=200,ZQE2_REQAP12@us.ibm.com,passw0rd
QKE Test,200,Omron,https://setup.p2p.ihost.com:2443/p2p/srm/sap/bc/gui/sap/its/bbpstart?sap-client=200,ZQE2_REQAP13@us.ibm.com,passw0rd
QKE Test,200,Omron,https://setup.p2p.ihost.com:2443/p2p/srm/sap/bc/gui/sap/its/bbpstart?sap-client=200,ZOM_SCAPP1@us.ibm.com,passw0rd
QKE Test,200,Omron,https://setup.p2p.ihost.com:2443/p2p/srm/sap/bc/gui/sap/its/bbpstart?sap-client=200,ZOM_SCAPP2@us.ibm.com,passw0rd
QKE Test,200,Omron,https://setup.p2p.ihost.com:2443/p2p/srm/sap/bc/gui/sap/its/bbpstart?sap-client=200,ZOM_SCAPP3@us.ibm.com,passw0rd
QKE Test,200,Omron,https://setup.p2p.ihost.com:2443/p2p/srm/sap/bc/gui/sap/its/bbpstart?sap-client=200,ZOM_SCAPP4@us.ibm.com,passw0rd
QKE Test,200,Omron,https://setup.p2p.ihost.com:2443/p2p/srm/sap/bc/gui/sap/its/bbpstart?sap-client=200,ZOM_SCAPP5@us.ibm.com,passw0rd
QKE Test,200,Omron,https://setup.p2p.ihost.com:2443/p2p/srm/sap/bc/gui/sap/its/bbpstart?sap-client=200,ZOM_SCAPP6@us.ibm.com,passw0rd
QKE Test,200,Omron,https://setup.p2p.ihost.com:2443/p2p/srm/sap/bc/gui/sap/its/bbpstart?sap-client=200,ZQE2_REQAP14@us.ibm.com,passw0rd
QKE Test,200,Omron,https://setup.p2p.ihost.com:2443/p2p/srm/sap/bc/gui/sap/its/bbpstart?sap-client=200,ZQE2_REQAP15@us.ibm.com,passw0rd
QKE Test,200,Omron,https://setup.p2p.ihost.com:2443/p2p/srm/sap/bc/gui/sap/its/bbpstart?sap-client=200,ZOM_CAC1@us.ibm.com,passw0rd
QKE Test,200,Omron,https://setup.p2p.ihost.com:2443/p2p/srm/sap/bc/gui/sap/its/bbpstart?sap-client=200,ZOM_CAC2@us.ibm.com,passw0rd
QKE Test,200,Omron,https://setup.p2p.ihost.com:2443/p2p/srm/sap/bc/gui/sap/its/bbpstart?sap-client=200,ZOM_CENREC1@us.ibm.com,passw0rd
QKE Test,200,Omron,https://setup.p2p.ihost.com:2443/p2p/srm/sap/bc/gui/sap/its/bbpstart?sap-client=200,ZOM_CENREC2@us.ibm.com,passw0rd
QKE Test,200,Omron,https://setup.p2p.ihost.com:2443/p2p/srm/sap/bc/gui/sap/its/bbpstart?sap-client=200,ZOM_MONITOR1@us.ibm.com,passw0rd
QKE Test,200,Omron,https://setup.p2p.ihost.com:2443/p2p/srm/sap/bc/gui/sap/its/bbpstart?sap-client=200,ZOM_MONITOR2@us.ibm.com,passw0rd
QKE Test,200,Omron,https://setup.p2p.ihost.com:2443/p2p/srm/sap/bc/gui/sap/its/bbpstart?sap-client=200,ZOM_ADMIN1@us.ibm.com,passw0rd
QKE Test,200,Omron,https://setup.p2p.ihost.com:2443/p2p/srm/sap/bc/gui/sap/its/bbpstart?sap-client=200,ZOM_ADMIN2@us.ibm.com,passw0rd
QKE Test,200,Omron,https://setup.p2p.ihost.com:2443/p2p/srm/sap/bc/gui/sap/its/bbpstart?sap-client=200,ZOM_OPBUY1@us.ibm.com,passw0rd
QKE Test,200,Omron,https://setup.p2p.ihost.com:2443/p2p/srm/sap/bc/gui/sap/its/bbpstart?sap-client=200,ZOM_OPBUY2@us.ibm.com,passw0rd
QKE Test,200,Omron,https://setup.p2p.ihost.com:2443/p2p/srm/sap/bc/gui/sap/its/bbpstart?sap-client=200,ZOM_STPUR1@us.ibm.com,passw0rd
QKE Test,200,Omron,https://setup.p2p.ihost.com:2443/p2p/srm/sap/bc/gui/sap/its/bbpstart?sap-client=200,ZOM_STPUR2@us.ibm.com,passw0rd
QKE Test,200,Omron,https://setup.p2p.ihost.com:2443/p2p/srm/sap/bc/gui/sap/its/bbpstart?sap-client=200,ZOM_OPBUY3@us.ibm.com,passw0rd
QKE Test,200,Omron,https://setup.p2p.ihost.com:2443/p2p/srm/sap/bc/gui/sap/its/bbpstart?sap-client=200,ZOM_STPUR2@us.ibm.com,passw0rd
QKE Test,200,Omron,https://setup.p2p.ihost.com:2443/p2p/srm/sap/bc/gui/sap/its/bbpstart?sap-client=200,ZOM_OPBUY4@us.ibm.com,passw0rd
QKE Test,200,Omron,https://setup.p2p.ihost.com:2443/p2p/srm/sap/bc/gui/sap/its/bbpstart?sap-client=200,ZOM_STPUR4@us.ibm.com,passw0rd
QKE Test,200,Omron,https://setup.p2p.ihost.com:2443/p2p/srm/sap/bc/gui/sap/its/bbpstart?sap-client=200,ZOM_OPBUY5@us.ibm.com,passw0rd
QKE Test,200,Omron,https://setup.p2p.ihost.com:2443/p2p/srm/sap/bc/gui/sap/its/bbpstart?sap-client=200,ZOM_STPUR5@us.ibm.com,passw0rd
QKE Test,300,Telstra,https://setup.p2p.ihost.com:2443/p2p/srm/sap/bc/gui/sap/its/bbpstart?sap-client=300,ZTE_SCWPR-00@US.IBM.COM,passw0rd
QKE Test,300,Telstra,https://setup.p2p.ihost.com:2443/p2p/srm/sap/bc/gui/sap/its/bbpstart?sap-client=300,ZTE_SCWPR-01@US.IBM.COM,passw0rd
QKE Test,300,Telstra,https://setup.p2p.ihost.com:2443/p2p/srm/sap/bc/gui/sap/its/bbpstart?sap-client=300,ZTE_SCWPR-02@US.IBM.COM,passw0rd
QKE Test,300,Telstra,https://setup.p2p.ihost.com:2443/p2p/srm/sap/bc/gui/sap/its/bbpstart?sap-client=300,ZTE_SCWPR-03@US.IBM.COM,passw0rd
QKE Test,300,Telstra,https://setup.p2p.ihost.com:2443/p2p/srm/sap/bc/gui/sap/its/bbpstart?sap-client=300,ZTE_WPR-03@US.IBM.COM,passw0rd
QKE Test,300,Telstra,https://setup.p2p.ihost.com:2443/p2p/srm/sap/bc/gui/sap/its/bbpstart?sap-client=300,ZTE_SC-03@US.IBM.COM,passw0rd
QKE Test,300,Telstra,https://setup.p2p.ihost.com:2443/p2p/srm/sap/bc/gui/sap/its/bbpstart?sap-client=300,ZTE_CR-03@US.IBM.COM,passw0rd
QKE Test,300,Telstra,https://setup.p2p.ihost.com:2443/p2p/srm/sap/bc/gui/sap/its/bbpstart?sap-client=300,ZTE_SCWPR-10@US.IBM.COM,passw0rd
QKE Test,300,Telstra,https://setup.p2p.ihost.com:2443/p2p/srm/sap/bc/gui/sap/its/bbpstart?sap-client=300,ZTE_SCWPR-11@US.IBM.COM,passw0rd
QKE Test,300,Telstra,https://setup.p2p.ihost.com:2443/p2p/srm/sap/bc/gui/sap/its/bbpstart?sap-client=300,ZTE_SCWPR-12@US.IBM.COM,passw0rd
QKE Test,300,Telstra,https://setup.p2p.ihost.com:2443/p2p/srm/sap/bc/gui/sap/its/bbpstart?sap-client=300,ZTE_SCWPR-13@US.IBM.COM,passw0rd
QKE Test,300,Telstra,https://setup.p2p.ihost.com:2443/p2p/srm/sap/bc/gui/sap/its/bbpstart?sap-client=300,ZTE_WPR-13@US.IBM.COM,passw0rd
QKE Test,300,Telstra,https://setup.p2p.ihost.com:2443/p2p/srm/sap/bc/gui/sap/its/bbpstart?sap-client=300,ZTE_SC-13@US.IBM.COM,passw0rd
QKE Test,300,Telstra,https://setup.p2p.ihost.com:2443/p2p/srm/sap/bc/gui/sap/its/bbpstart?sap-client=300,ZTE_CR-13@US.IBM.COM,passw0rd
QKE Test,300,Telstra,https://setup.p2p.ihost.com:2443/p2p/srm/sap/bc/gui/sap/its/bbpstart?sap-client=300,ZTE_SCWPR-20@US.IBM.COM,passw0rd
QKE Test,300,Telstra,https://setup.p2p.ihost.com:2443/p2p/srm/sap/bc/gui/sap/its/bbpstart?sap-client=300,ZTE_SCWPR-21@US.IBM.COM,passw0rd
QKE Test,300,Telstra,https://setup.p2p.ihost.com:2443/p2p/srm/sap/bc/gui/sap/its/bbpstart?sap-client=300,ZTE_SCWPR-22@US.IBM.COM,passw0rd
QKE Test,300,Telstra,https://setup.p2p.ihost.com:2443/p2p/srm/sap/bc/gui/sap/its/bbpstart?sap-client=300,ZTE_SCWPR-23@US.IBM.COM,passw0rd
QKE Test,300,Telstra,https://setup.p2p.ihost.com:2443/p2p/srm/sap/bc/gui/sap/its/bbpstart?sap-client=300,ZTE_WPR-23@US.IBM.COM,passw0rd
QKE Test,300,Telstra,https://setup.p2p.ihost.com:2443/p2p/srm/sap/bc/gui/sap/its/bbpstart?sap-client=300,ZTE_SC-23@US.IBM.COM,passw0rd
QKE Test,300,Telstra,https://setup.p2p.ihost.com:2443/p2p/srm/sap/bc/gui/sap/its/bbpstart?sap-client=300,ZTE_CR-23@US.IBM.COM,passw0rd
QKE Test,300,Telstra,https://setup.p2p.ihost.com:2443/p2p/srm/sap/bc/gui/sap/its/bbpstart?sap-client=300,ZTE_SCWPR-30@US.IBM.COM,passw0rd
QKE Test,300,Telstra,https://setup.p2p.ihost.com:2443/p2p/srm/sap/bc/gui/sap/its/bbpstart?sap-client=300,ZTE_SCWPR-31@US.IBM.COM,passw0rd
QKE Test,300,Telstra,https://setup.p2p.ihost.com:2443/p2p/srm/sap/bc/gui/sap/its/bbpstart?sap-client=300,ZTE_SCWPR-32@US.IBM.COM,passw0rd
QKE Test,300,Telstra,https://setup.p2p.ihost.com:2443/p2p/srm/sap/bc/gui/sap/its/bbpstart?sap-client=300,ZTE_SCWPR-33@US.IBM.COM,passw0rd
QKE Test,300,Telstra,https://setup.p2p.ihost.com:2443/p2p/srm/sap/bc/gui/sap/its/bbpstart?sap-client=300,ZTE_SCWPR-34@US.IBM.COM,passw0rd
QKE Test,300,Telstra,https://setup.p2p.ihost.com:2443/p2p/srm/sap/bc/gui/sap/its/bbpstart?sap-client=300,ZTE_WPR-34@US.IBM.COM,passw0rd
QKE Test,300,Telstra,https://setup.p2p.ihost.com:2443/p2p/srm/sap/bc/gui/sap/its/bbpstart?sap-client=300,ZTE_SC-34@US.IBM.COM,passw0rd
QKE Test,300,Telstra,https://setup.p2p.ihost.com:2443/p2p/srm/sap/bc/gui/sap/its/bbpstart?sap-client=300,ZTE_CR-34@US.IBM.COM,passw1rd
QKE Test,300,Telstra,https://setup.p2p.ihost.com:2443/p2p/srm/sap/bc/gui/sap/its/bbpstart?sap-client=300,ZTE_CAC1@US.IBM.COM,passw0rd
QKE Test,300,Telstra,https://setup.p2p.ihost.com:2443/p2p/srm/sap/bc/gui/sap/its/bbpstart?sap-client=300,ZTE_CAC2@US.IBM.COM,passw0rd
QKE Test,300,Telstra,https://setup.p2p.ihost.com:2443/p2p/srm/sap/bc/gui/sap/its/bbpstart?sap-client=300,ZTE_WWAP1@US.IBM.COM,passw0rd
QHE PRE-PROD,100,NiSource,https://setup.p2p.ihost.com:3443/p2p/srm/sap/bc/gui/sap/its/bbpstart?sap-client=100&sap-loginGroup=S2P_SRM_GRP,ZNI_BOBO1@us.ibm.com,passw0rd
QHE PRE-PROD,100,NiSource,https://setup.p2p.ihost.com:3443/p2p/srm/sap/bc/gui/sap/its/bbpstart?sap-client=100&sap-loginGroup=S2P_SRM_GRP,ZNI_BOBO2@us.ibm.com,passw0rd
QHE PRE-PROD,100,NiSource,https://setup.p2p.ihost.com:3443/p2p/srm/sap/bc/gui/sap/its/bbpstart?sap-client=100&sap-loginGroup=S2P_SRM_GRP,ZNI_REQ1@us.ibm.com,passw0rd
QHE PRE-PROD,100,NiSource,https://setup.p2p.ihost.com:3443/p2p/srm/sap/bc/gui/sap/its/bbpstart?sap-client=100&sap-loginGroup=S2P_SRM_GRP,ZNI_APPR1@us.ibm.com,passw0rd
QHE PRE-PROD,100,NiSource,https://setup.p2p.ihost.com:3443/p2p/srm/sap/bc/gui/sap/its/bbpstart?sap-client=100&sap-loginGroup=S2P_SRM_GRP,ZNI_ULTAPPR1@us.ibm.com,passw0rd
QHE PRE-PROD,100,Coty,https://setup.p2p.ihost.com:3443/p2p/srm/sap/bc/gui/sap/its/bbpstart?sap-client=100&sap-loginGroup=S2P_SRM_GRP,ZCO_US_REQ1@us.ibm.com,passw0rd
QHE PRE-PROD,100,Coty,https://setup.p2p.ihost.com:3443/p2p/srm/sap/bc/gui/sap/its/bbpstart?sap-client=100&sap-loginGroup=S2P_SRM_GRP,ZCO_US_APPR1@us.ibm.com,passw0rd
QHE PRE-PROD,100,Coty,https://setup.p2p.ihost.com:3443/p2p/srm/sap/bc/gui/sap/its/bbpstart?sap-client=100&sap-loginGroup=S2P_SRM_GRP,ZCO_US_APPR2@us.ibm.com,passw0rd
QHE PRE-PROD,100,Coty,https://setup.p2p.ihost.com:3443/p2p/srm/sap/bc/gui/sap/its/bbpstart?sap-client=100&sap-loginGroup=S2P_SRM_GRP,ZCO_CA_REQ1@us.ibm.com,passw0rd
QHE PRE-PROD,100,Coty,https://setup.p2p.ihost.com:3443/p2p/srm/sap/bc/gui/sap/its/bbpstart?sap-client=100&sap-loginGroup=S2P_SRM_GRP,ZCO_CA_APPR1@us.ibm.com,passw0rd
QHE PRE-PROD,100,Coty,https://setup.p2p.ihost.com:3443/p2p/srm/sap/bc/gui/sap/its/bbpstart?sap-client=100&sap-loginGroup=S2P_SRM_GRP,ZCO_DE_BOBO1@us.ibm.com,passw0rd
QHE PRE-PROD,100,Coty,https://setup.p2p.ihost.com:3443/p2p/srm/sap/bc/gui/sap/its/bbpstart?sap-client=100&sap-loginGroup=S2P_SRM_GRP,ZCO_DE_BOBO2@us.ibm.com,passw0rd
QHE PRE-PROD,100,Coty,https://setup.p2p.ihost.com:3443/p2p/srm/sap/bc/gui/sap/its/bbpstart?sap-client=100&sap-loginGroup=S2P_SRM_GRP,ZCO_DE_REQ1@us.ibm.com,passw0rd
QHE PRE-PROD,100,Coty,https://setup.p2p.ihost.com:3443/p2p/srm/sap/bc/gui/sap/its/bbpstart?sap-client=100&sap-loginGroup=S2P_SRM_GRP,ZCO_DE_APPR1@us.ibm.com,passw0rd
QHE PRE-PROD,100,Coty,https://setup.p2p.ihost.com:3443/p2p/srm/sap/bc/gui/sap/its/bbpstart?sap-client=100&sap-loginGroup=S2P_SRM_GRP,ZCO_DE_ULTAPPR1@us.ibm.com,passw0rd
QHE PRE-PROD,200,Omron,https://setup.p2p.ihost.com:3443/p2p/srm/sap/bc/gui/sap/its/bbpstart?sap-client=200&sap-loginGroup=S2P_SRM_GRP,USOMRN0001@us.ibm.com,passw0rd
QHE PRE-PROD,200,Omron,https://setup.p2p.ihost.com:3443/p2p/srm/sap/bc/gui/sap/its/bbpstart?sap-client=200&sap-loginGroup=S2P_SRM_GRP,USOMRN0002@us.ibm.com,passw0rd
QHE PRE-PROD,200,Omron,https://setup.p2p.ihost.com:3443/p2p/srm/sap/bc/gui/sap/its/bbpstart?sap-client=200&sap-loginGroup=S2P_SRM_GRP,USOMRN0003@us.ibm.com,passw0rd
QHE PRE-PROD,200,Omron,https://setup.p2p.ihost.com:3443/p2p/srm/sap/bc/gui/sap/its/bbpstart?sap-client=200&sap-loginGroup=S2P_SRM_GRP,USOMRN0004@us.ibm.com,passw0rd
QHE PRE-PROD,200,Omron,https://setup.p2p.ihost.com:3443/p2p/srm/sap/bc/gui/sap/its/bbpstart?sap-client=200&sap-loginGroup=S2P_SRM_GRP,USOMRN0005@us.ibm.com,passw0rd
QHE PRE-PROD,200,Omron,https://setup.p2p.ihost.com:3443/p2p/srm/sap/bc/gui/sap/its/bbpstart?sap-client=200&sap-loginGroup=S2P_SRM_GRP,USOMRN0006@us.ibm.com,passw0rd
QHE PRE-PROD,200,Omron,https://setup.p2p.ihost.com:3443/p2p/srm/sap/bc/gui/sap/its/bbpstart?sap-client=200&sap-loginGroup=S2P_SRM_GRP,USOMRN0007@us.ibm.com,passw0rd
QHE PRE-PROD,200,Omron,https://setup.p2p.ihost.com:3443/p2p/srm/sap/bc/gui/sap/its/bbpstart?sap-client=200&sap-loginGroup=S2P_SRM_GRP,USOMRN0008@us.ibm.com,passw0rd
QHE PRE-PROD,200,Omron,https://setup.p2p.ihost.com:3443/p2p/srm/sap/bc/gui/sap/its/bbpstart?sap-client=200&sap-loginGroup=S2P_SRM_GRP,USOMRN0009@us.ibm.com,passw0rd
QHE PRE-PROD,200,Omron,https://setup.p2p.ihost.com:3443/p2p/srm/sap/bc/gui/sap/its/bbpstart?sap-client=200&sap-loginGroup=S2P_SRM_GRP,USOMRN0010@us.ibm.com,passw0rd
QHE PRE-PROD,200,Omron,https://setup.p2p.ihost.com:3443/p2p/srm/sap/bc/gui/sap/its/bbpstart?sap-client=200&sap-loginGroup=S2P_SRM_GRP,USOMRN0011@us.ibm.com,passw0rd
QHE PRE-PROD,200,Omron,https://setup.p2p.ihost.com:3443/p2p/srm/sap/bc/gui/sap/its/bbpstart?sap-client=200&sap-loginGroup=S2P_SRM_GRP,USOMRN0012@us.ibm.com,passw0rd
QHE PRE-PROD,200,Omron,https://setup.p2p.ihost.com:3443/p2p/srm/sap/bc/gui/sap/its/bbpstart?sap-client=200&sap-loginGroup=S2P_SRM_GRP,USOMRN0013@us.ibm.com,passw0rd
QHE PRE-PROD,200,Omron,https://setup.p2p.ihost.com:3443/p2p/srm/sap/bc/gui/sap/its/bbpstart?sap-client=200&sap-loginGroup=S2P_SRM_GRP,USOMRN0014@us.ibm.com,passw0rd
QHE PRE-PROD,200,Omron,https://setup.p2p.ihost.com:3443/p2p/srm/sap/bc/gui/sap/its/bbpstart?sap-client=200&sap-loginGroup=S2P_SRM_GRP,USOMRN0015@us.ibm.com,passw0rd
QHE PRE-PROD,200,Omron,https://setup.p2p.ihost.com:3443/p2p/srm/sap/bc/gui/sap/its/bbpstart?sap-client=200&sap-loginGroup=S2P_SRM_GRP,USOMRN0016@us.ibm.com,passw0rd
QHE PRE-PROD,200,Omron,https://setup.p2p.ihost.com:3443/p2p/srm/sap/bc/gui/sap/its/bbpstart?sap-client=200&sap-loginGroup=S2P_SRM_GRP,USOMRN0017@us.ibm.com,passw0rd
QHE PRE-PROD,200,Omron,https://setup.p2p.ihost.com:3443/p2p/srm/sap/bc/gui/sap/its/bbpstart?sap-client=200&sap-loginGroup=S2P_SRM_GRP,USOMRN0018@us.ibm.com,passw0rd
QHE PRE-PROD,200,Omron,https://setup.p2p.ihost.com:3443/p2p/srm/sap/bc/gui/sap/its/bbpstart?sap-client=200&sap-loginGroup=S2P_SRM_GRP,USOMRN0019@us.ibm.com,passw0rd
QHE PRE-PROD,200,Omron,https://setup.p2p.ihost.com:3443/p2p/srm/sap/bc/gui/sap/its/bbpstart?sap-client=200&sap-loginGroup=S2P_SRM_GRP,USOMRN0020@us.ibm.com,passw0rd
QHE PRE-PROD,200,Omron,https://setup.p2p.ihost.com:3443/p2p/srm/sap/bc/gui/sap/its/bbpstart?sap-client=200&sap-loginGroup=S2P_SRM_GRP,USOMRN0021@us.ibm.com,passw0rd
QHE PRE-PROD,200,Omron,https://setup.p2p.ihost.com:3443/p2p/srm/sap/bc/gui/sap/its/bbpstart?sap-client=200&sap-loginGroup=S2P_SRM_GRP,USOMRN0022@us.ibm.com,passw0rd
QHE PRE-PROD,200,Omron,https://setup.p2p.ihost.com:3443/p2p/srm/sap/bc/gui/sap/its/bbpstart?sap-client=200&sap-loginGroup=S2P_SRM_GRP,USOMRN0023@us.ibm.com,passw0rd
QHE PRE-PROD,200,Omron,https://setup.p2p.ihost.com:3443/p2p/srm/sap/bc/gui/sap/its/bbpstart?sap-client=200&sap-loginGroup=S2P_SRM_GRP,USOMRN0024@us.ibm.com,passw0rd
QHE PRE-PROD,200,Omron,https://setup.p2p.ihost.com:3443/p2p/srm/sap/bc/gui/sap/its/bbpstart?sap-client=200&sap-loginGroup=S2P_SRM_GRP,USOMRN0025@us.ibm.com,passw0rd
QHE PRE-PROD,200,Omron,https://setup.p2p.ihost.com:3443/p2p/srm/sap/bc/gui/sap/its/bbpstart?sap-client=200&sap-loginGroup=S2P_SRM_GRP,USOMRN0026@us.ibm.com,passw0rd
QHE PRE-PROD,200,Omron,https://setup.p2p.ihost.com:3443/p2p/srm/sap/bc/gui/sap/its/bbpstart?sap-client=200&sap-loginGroup=S2P_SRM_GRP,USOMRN0027@us.ibm.com,passw0rd
QHE PRE-PROD,200,Omron,https://setup.p2p.ihost.com:3443/p2p/srm/sap/bc/gui/sap/its/bbpstart?sap-client=200&sap-loginGroup=S2P_SRM_GRP,USOMRN0028@us.ibm.com,passw0rd
QHE PRE-PROD,200,Omron,https://setup.p2p.ihost.com:3443/p2p/srm/sap/bc/gui/sap/its/bbpstart?sap-client=200&sap-loginGroup=S2P_SRM_GRP,USOMRN0029@us.ibm.com,passw0rd
QHE PRE-PROD,200,Omron,https://setup.p2p.ihost.com:3443/p2p/srm/sap/bc/gui/sap/its/bbpstart?sap-client=200&sap-loginGroup=S2P_SRM_GRP,USOMRN0030@us.ibm.com,passw0rd
QHE PRE-PROD,200,Omron,https://setup.p2p.ihost.com:3443/p2p/srm/sap/bc/gui/sap/its/bbpstart?sap-client=200&sap-loginGroup=S2P_SRM_GRP,USOMRN0031@us.ibm.com,passw0rd
QHE PRE-PROD,200,Omron,https://setup.p2p.ihost.com:3443/p2p/srm/sap/bc/gui/sap/its/bbpstart?sap-client=200&sap-loginGroup=S2P_SRM_GRP,USOMRN0032@us.ibm.com,passw0rd
QHE PRE-PROD,200,Omron,https://setup.p2p.ihost.com:3443/p2p/srm/sap/bc/gui/sap/its/bbpstart?sap-client=200&sap-loginGroup=S2P_SRM_GRP,USOMRN0033@us.ibm.com,passw0rd
QHE PRE-PROD,200,Omron,https://setup.p2p.ihost.com:3443/p2p/srm/sap/bc/gui/sap/its/bbpstart?sap-client=200&sap-loginGroup=S2P_SRM_GRP,USOMRN0034@us.ibm.com,passw0rd
QHE PRE-PROD,200,Omron,https://setup.p2p.ihost.com:3443/p2p/srm/sap/bc/gui/sap/its/bbpstart?sap-client=200&sap-loginGroup=S2P_SRM_GRP,USOMRN0035@us.ibm.com,passw0rd
QHE PRE-PROD,200,Omron,https://setup.p2p.ihost.com:3443/p2p/srm/sap/bc/gui/sap/its/bbpstart?sap-client=200&sap-loginGroup=S2P_SRM_GRP,USOMRN0036@us.ibm.com,passw0rd
QHE PRE-PROD,200,Omron,https://setup.p2p.ihost.com:3443/p2p/srm/sap/bc/gui/sap/its/bbpstart?sap-client=200&sap-loginGroup=S2P_SRM_GRP,USOMRN0037@us.ibm.com,passw0rd
QHE PRE-PROD,200,Omron,https://setup.p2p.ihost.com:3443/p2p/srm/sap/bc/gui/sap/its/bbpstart?sap-client=200&sap-loginGroup=S2P_SRM_GRP,USOMRN0038@us.ibm.com,passw0rd
QHE PRE-PROD,200,Omron,https://setup.p2p.ihost.com:3443/p2p/srm/sap/bc/gui/sap/its/bbpstart?sap-client=200&sap-loginGroup=S2P_SRM_GRP,USOMRN0039@us.ibm.com,passw0rd
QHE PRE-PROD,200,Omron,https://setup.p2p.ihost.com:3443/p2p/srm/sap/bc/gui/sap/its/bbpstart?sap-client=200&sap-loginGroup=S2P_SRM_GRP,USOMRN0040@us.ibm.com,passw0rd
QHE PRE-PROD,200,Omron,https://setup.p2p.ihost.com:3443/p2p/srm/sap/bc/gui/sap/its/bbpstart?sap-client=200&sap-loginGroup=S2P_SRM_GRP,USOMRN0041@us.ibm.com,passw0rd
QHE PRE-PROD,200,Omron,https://setup.p2p.ihost.com:3443/p2p/srm/sap/bc/gui/sap/its/bbpstart?sap-client=200&sap-loginGroup=S2P_SRM_GRP,USOMRN0042@us.ibm.com,passw0rd
QHE PRE-PROD,200,Omron,https://setup.p2p.ihost.com:3443/p2p/srm/sap/bc/gui/sap/its/bbpstart?sap-client=200&sap-loginGroup=S2P_SRM_GRP,USOMRN0043@us.ibm.com,passw0rd
QHE PRE-PROD,200,Omron,https://setup.p2p.ihost.com:3443/p2p/srm/sap/bc/gui/sap/its/bbpstart?sap-client=200&sap-loginGroup=S2P_SRM_GRP,USOMRN0044@us.ibm.com,passw0rd
QHE PRE-PROD,200,Omron,https://setup.p2p.ihost.com:3443/p2p/srm/sap/bc/gui/sap/its/bbpstart?sap-client=200&sap-loginGroup=S2P_SRM_GRP,USOMRN0045@us.ibm.com,passw0rd
QHE PRE-PROD,200,Omron,https://setup.p2p.ihost.com:3443/p2p/srm/sap/bc/gui/sap/its/bbpstart?sap-client=200&sap-loginGroup=S2P_SRM_GRP,USOMRN0046@us.ibm.com,passw0rd
QHE PRE-PROD,200,Omron,https://setup.p2p.ihost.com:3443/p2p/srm/sap/bc/gui/sap/its/bbpstart?sap-client=200&sap-loginGroup=S2P_SRM_GRP,USOMRN0047@us.ibm.com,passw0rd
QHE PRE-PROD,200,Omron,https://setup.p2p.ihost.com:3443/p2p/srm/sap/bc/gui/sap/its/bbpstart?sap-client=200&sap-loginGroup=S2P_SRM_GRP,USOMRN0048@us.ibm.com,passw0rd
QHE PRE-PROD,200,Omron,https://setup.p2p.ihost.com:3443/p2p/srm/sap/bc/gui/sap/its/bbpstart?sap-client=200&sap-loginGroup=S2P_SRM_GRP,USOMRN0049@us.ibm.com,passw0rd
QHE PRE-PROD,200,Omron,https://setup.p2p.ihost.com:3443/p2p/srm/sap/bc/gui/sap/its/bbpstart?sap-client=200&sap-loginGroup=S2P_SRM_GRP,USOMRN0050@us.ibm.com,passw0rd
QHE PRE-PROD,200,Omron,https://setup.p2p.ihost.com:3443/p2p/srm/sap/bc/gui/sap/its/bbpstart?sap-client=200&sap-loginGroup=S2P_SRM_GRP,USOMRN0051@us.ibm.com,passw0rd
QHE PRE-PROD,200,Omron,https://setup.p2p.ihost.com:3443/p2p/srm/sap/bc/gui/sap/its/bbpstart?sap-client=200&sap-loginGroup=S2P_SRM_GRP,USOMRN0052@us.ibm.com,passw0rd
QHE PRE-PROD,200,Omron,https://setup.p2p.ihost.com:3443/p2p/srm/sap/bc/gui/sap/its/bbpstart?sap-client=200&sap-loginGroup=S2P_SRM_GRP,USOMRN0053@us.ibm.com,passw0rd
QHE PRE-PROD,200,Omron,https://setup.p2p.ihost.com:3443/p2p/srm/sap/bc/gui/sap/its/bbpstart?sap-client=200&sap-loginGroup=S2P_SRM_GRP,USOMRN0054@us.ibm.com,passw0rd
QHE PRE-PROD,200,Omron,https://setup.p2p.ihost.com:3443/p2p/srm/sap/bc/gui/sap/its/bbpstart?sap-client=200&sap-loginGroup=S2P_SRM_GRP,USOMRN0055@us.ibm.com,passw0rd
QHE PRE-PROD,200,Omron,https://setup.p2p.ihost.com:3443/p2p/srm/sap/bc/gui/sap/its/bbpstart?sap-client=200&sap-loginGroup=S2P_SRM_GRP,USOMRN0056@us.ibm.com,passw0rd
QHE PRE-PROD,200,Omron,https://setup.p2p.ihost.com:3443/p2p/srm/sap/bc/gui/sap/its/bbpstart?sap-client=200&sap-loginGroup=S2P_SRM_GRP,USOMRN0057@us.ibm.com,passw0rd
QHE PRE-PROD,200,Omron,https://setup.p2p.ihost.com:3443/p2p/srm/sap/bc/gui/sap/its/bbpstart?sap-client=200&sap-loginGroup=S2P_SRM_GRP,USOMRN0058@us.ibm.com,passw0rd
QHE PRE-PROD,200,Omron,https://setup.p2p.ihost.com:3443/p2p/srm/sap/bc/gui/sap/its/bbpstart?sap-client=200&sap-loginGroup=S2P_SRM_GRP,USOMRN0059@us.ibm.com,passw0rd
QHE PRE-PROD,200,Omron,https://setup.p2p.ihost.com:3443/p2p/srm/sap/bc/gui/sap/its/bbpstart?sap-client=200&sap-loginGroup=S2P_SRM_GRP,USOMRN0060@us.ibm.com,passw0rd
QHE PRE-PROD,200,Omron,https://setup.p2p.ihost.com:3443/p2p/srm/sap/bc/gui/sap/its/bbpstart?sap-client=200&sap-loginGroup=S2P_SRM_GRP,USOMRN0061@us.ibm.com,passw0rd
QHE PRE-PROD,200,Omron,https://setup.p2p.ihost.com:3443/p2p/srm/sap/bc/gui/sap/its/bbpstart?sap-client=200&sap-loginGroup=S2P_SRM_GRP,USOMRN0062@us.ibm.com,passw0rd
QHE PRE-PROD,200,Omron,https://setup.p2p.ihost.com:3443/p2p/srm/sap/bc/gui/sap/its/bbpstart?sap-client=200&sap-loginGroup=S2P_SRM_GRP,USOMRN0063@us.ibm.com,passw0rd
QHE PRE-PROD,200,Omron,https://setup.p2p.ihost.com:3443/p2p/srm/sap/bc/gui/sap/its/bbpstart?sap-client=200&sap-loginGroup=S2P_SRM_GRP,USOMRN0064@us.ibm.com,passw0rd
QHE PRE-PROD,200,Omron,https://setup.p2p.ihost.com:3443/p2p/srm/sap/bc/gui/sap/its/bbpstart?sap-client=200&sap-loginGroup=S2P_SRM_GRP,USOMRN0065@us.ibm.com,passw0rd
QHE PRE-PROD,200,Omron,https://setup.p2p.ihost.com:3443/p2p/srm/sap/bc/gui/sap/its/bbpstart?sap-client=200&sap-loginGroup=S2P_SRM_GRP,USOMRN0066@us.ibm.com,passw0rd
QHE PRE-PROD,200,Omron,https://setup.p2p.ihost.com:3443/p2p/srm/sap/bc/gui/sap/its/bbpstart?sap-client=200&sap-loginGroup=S2P_SRM_GRP,USOMRN0067@us.ibm.com,passw0rd
QHE PRE-PROD,200,Omron,https://setup.p2p.ihost.com:3443/p2p/srm/sap/bc/gui/sap/its/bbpstart?sap-client=200&sap-loginGroup=S2P_SRM_GRP,USOMRN0068@us.ibm.com,passw0rd
QHE PRE-PROD,200,Omron,https://setup.p2p.ihost.com:3443/p2p/srm/sap/bc/gui/sap/its/bbpstart?sap-client=200&sap-loginGroup=S2P_SRM_GRP,USOMRN0069@us.ibm.com,passw0rd
QHE PRE-PROD,200,Omron,https://setup.p2p.ihost.com:3443/p2p/srm/sap/bc/gui/sap/its/bbpstart?sap-client=200&sap-loginGroup=S2P_SRM_GRP,USOMRN0070@us.ibm.com,passw0rd
QHE PRE-PROD,200,Omron,https://setup.p2p.ihost.com:3443/p2p/srm/sap/bc/gui/sap/its/bbpstart?sap-client=200&sap-loginGroup=S2P_SRM_GRP,USOMRN0071@us.ibm.com,passw0rd
QHE PRE-PROD,200,Omron,https://setup.p2p.ihost.com:3443/p2p/srm/sap/bc/gui/sap/its/bbpstart?sap-client=200&sap-loginGroup=S2P_SRM_GRP,USOMRN0072@us.ibm.com,passw0rd
QHE PRE-PROD,200,Omron,https://setup.p2p.ihost.com:3443/p2p/srm/sap/bc/gui/sap/its/bbpstart?sap-client=200&sap-loginGroup=S2P_SRM_GRP,USOMRN0073@us.ibm.com,passw0rd
QHE PRE-PROD,200,Omron,https://setup.p2p.ihost.com:3443/p2p/srm/sap/bc/gui/sap/its/bbpstart?sap-client=200&sap-loginGroup=S2P_SRM_GRP,USOMRN0074@us.ibm.com,passw0rd
QHE PRE-PROD,200,Omron,https://setup.p2p.ihost.com:3443/p2p/srm/sap/bc/gui/sap/its/bbpstart?sap-client=200&sap-loginGroup=S2P_SRM_GRP,USOMRN0075@us.ibm.com,passw0rd
QHE PRE-PROD,200,Omron,https://setup.p2p.ihost.com:3443/p2p/srm/sap/bc/gui/sap/its/bbpstart?sap-client=200&sap-loginGroup=S2P_SRM_GRP,USOMRN0076@us.ibm.com,passw0rd
QHE PRE-PROD,200,Omron,https://setup.p2p.ihost.com:3443/p2p/srm/sap/bc/gui/sap/its/bbpstart?sap-client=200&sap-loginGroup=S2P_SRM_GRP,USOMRN0077@us.ibm.com,passw0rd
QHE PRE-PROD,200,Omron,https://setup.p2p.ihost.com:3443/p2p/srm/sap/bc/gui/sap/its/bbpstart?sap-client=200&sap-loginGroup=S2P_SRM_GRP,USOMRN0078@us.ibm.com,passw0rd
QHE PRE-PROD,200,Omron,https://setup.p2p.ihost.com:3443/p2p/srm/sap/bc/gui/sap/its/bbpstart?sap-client=200&sap-loginGroup=S2P_SRM_GRP,USOMRN0079@us.ibm.com,passw0rd
QHE PRE-PROD,200,Omron,https://setup.p2p.ihost.com:3443/p2p/srm/sap/bc/gui/sap/its/bbpstart?sap-client=200&sap-loginGroup=S2P_SRM_GRP,USOMRN0080@us.ibm.com,passw0rd
QHE PRE-PROD,200,Omron,https://setup.p2p.ihost.com:3443/p2p/srm/sap/bc/gui/sap/its/bbpstart?sap-client=200&sap-loginGroup=S2P_SRM_GRP,USOMRN0081@us.ibm.com,passw0rd
QHE PRE-PROD,200,Omron,https://setup.p2p.ihost.com:3443/p2p/srm/sap/bc/gui/sap/its/bbpstart?sap-client=200&sap-loginGroup=S2P_SRM_GRP,USOMRN0082@us.ibm.com,passw0rd
QHE PRE-PROD,200,Omron,https://setup.p2p.ihost.com:3443/p2p/srm/sap/bc/gui/sap/its/bbpstart?sap-client=200&sap-loginGroup=S2P_SRM_GRP,USOMRN0083@us.ibm.com,passw0rd
QHE PRE-PROD,200,Omron,https://setup.p2p.ihost.com:3443/p2p/srm/sap/bc/gui/sap/its/bbpstart?sap-client=200&sap-loginGroup=S2P_SRM_GRP,USOMRN0084@us.ibm.com,passw0rd
QHE PRE-PROD,200,Omron,https://setup.p2p.ihost.com:3443/p2p/srm/sap/bc/gui/sap/its/bbpstart?sap-client=200&sap-loginGroup=S2P_SRM_GRP,USOMRN0085@us.ibm.com,passw0rd
QHE PRE-PROD,200,Omron,https://setup.p2p.ihost.com:3443/p2p/srm/sap/bc/gui/sap/its/bbpstart?sap-client=200&sap-loginGroup=S2P_SRM_GRP,USOMRN0086@us.ibm.com,passw0rd
QHE PRE-PROD,200,Omron,https://setup.p2p.ihost.com:3443/p2p/srm/sap/bc/gui/sap/its/bbpstart?sap-client=200&sap-loginGroup=S2P_SRM_GRP,USOMRN0087@us.ibm.com,passw0rd
QHE PRE-PROD,200,Omron,https://setup.p2p.ihost.com:3443/p2p/srm/sap/bc/gui/sap/its/bbpstart?sap-client=200&sap-loginGroup=S2P_SRM_GRP,USOMRN0088@us.ibm.com,passw0rd
QHE PRE-PROD,200,Omron,https://setup.p2p.ihost.com:3443/p2p/srm/sap/bc/gui/sap/its/bbpstart?sap-client=200&sap-loginGroup=S2P_SRM_GRP,USOMRN0089@us.ibm.com,passw0rd
QHE PRE-PROD,200,Omron,https://setup.p2p.ihost.com:3443/p2p/srm/sap/bc/gui/sap/its/bbpstart?sap-client=200&sap-loginGroup=S2P_SRM_GRP,USOMRN0090@us.ibm.com,passw0rd
QHE PRE-PROD,200,Omron,https://setup.p2p.ihost.com:3443/p2p/srm/sap/bc/gui/sap/its/bbpstart?sap-client=200&sap-loginGroup=S2P_SRM_GRP,USOMRN0091@us.ibm.com,passw0rd
QHE PRE-PROD,200,Omron,https://setup.p2p.ihost.com:3443/p2p/srm/sap/bc/gui/sap/its/bbpstart?sap-client=200&sap-loginGroup=S2P_SRM_GRP,USOMRN0092@us.ibm.com,passw0rd
QHE PRE-PROD,200,Omron,https://setup.p2p.ihost.com:3443/p2p/srm/sap/bc/gui/sap/its/bbpstart?sap-client=200&sap-loginGroup=S2P_SRM_GRP,USOMRN0093@us.ibm.com,passw0rd
QHE PRE-PROD,200,Omron,https://setup.p2p.ihost.com:3443/p2p/srm/sap/bc/gui/sap/its/bbpstart?sap-client=200&sap-loginGroup=S2P_SRM_GRP,USOMRN0094@us.ibm.com,passw0rd
QHE PRE-PROD,200,Omron,https://setup.p2p.ihost.com:3443/p2p/srm/sap/bc/gui/sap/its/bbpstart?sap-client=200&sap-loginGroup=S2P_SRM_GRP,USOMRN0095@us.ibm.com,passw0rd
QHE PRE-PROD,200,Omron,https://setup.p2p.ihost.com:3443/p2p/srm/sap/bc/gui/sap/its/bbpstart?sap-client=200&sap-loginGroup=S2P_SRM_GRP,USOMRN0096@us.ibm.com,passw0rd
QHE PRE-PROD,200,Omron,https://setup.p2p.ihost.com:3443/p2p/srm/sap/bc/gui/sap/its/bbpstart?sap-client=200&sap-loginGroup=S2P_SRM_GRP,USOMRN0097@us.ibm.com,passw0rd
QHE PRE-PROD,200,Omron,https://setup.p2p.ihost.com:3443/p2p/srm/sap/bc/gui/sap/its/bbpstart?sap-client=200&sap-loginGroup=S2P_SRM_GRP,USOMRN0098@us.ibm.com,passw0rd
QHE PRE-PROD,200,Omron,https://setup.p2p.ihost.com:3443/p2p/srm/sap/bc/gui/sap/its/bbpstart?sap-client=200&sap-loginGroup=S2P_SRM_GRP,USOMRN0099@us.ibm.com,passw0rd
QHE PRE-PROD,300,Telstra,https://setup.p2p.ihost.com:3443/p2p/srm/sap/bc/gui/sap/its/bbpstart?sap-client=300&sap-loginGroup=S2P_SRM_GRP,TT000109@us.ibm.com,passw0rd
QHE PRE-PROD,300,Telstra,https://setup.p2p.ihost.com:3443/p2p/srm/sap/bc/gui/sap/its/bbpstart?sap-client=300&sap-loginGroup=S2P_SRM_GRP,TT000110@us.ibm.com,passw0rd
QHE PRE-PROD,300,Telstra,https://setup.p2p.ihost.com:3443/p2p/srm/sap/bc/gui/sap/its/bbpstart?sap-client=300&sap-loginGroup=S2P_SRM_GRP,TT000111@us.ibm.com,passw0rd
QHE PRE-PROD,300,Telstra,https://setup.p2p.ihost.com:3443/p2p/srm/sap/bc/gui/sap/its/bbpstart?sap-client=300&sap-loginGroup=S2P_SRM_GRP,TT000112@us.ibm.com,passw0rd
QHE PRE-PROD,300,Telstra,https://setup.p2p.ihost.com:3443/p2p/srm/sap/bc/gui/sap/its/bbpstart?sap-client=300&sap-loginGroup=S2P_SRM_GRP,TT000113@us.ibm.com,passw0rd
QHE PRE-PROD,300,Telstra,https://setup.p2p.ihost.com:3443/p2p/srm/sap/bc/gui/sap/its/bbpstart?sap-client=300&sap-loginGroup=S2P_SRM_GRP,TT000114@us.ibm.com,passw0rd
QHE PRE-PROD,300,Telstra,https://setup.p2p.ihost.com:3443/p2p/srm/sap/bc/gui/sap/its/bbpstart?sap-client=300&sap-loginGroup=S2P_SRM_GRP,TT000115@us.ibm.com,passw0rd
QHE PRE-PROD,300,Telstra,https://setup.p2p.ihost.com:3443/p2p/srm/sap/bc/gui/sap/its/bbpstart?sap-client=300&sap-loginGroup=S2P_SRM_GRP,TT000116@us.ibm.com,passw0rd
QHE PRE-PROD,300,Telstra,https://setup.p2p.ihost.com:3443/p2p/srm/sap/bc/gui/sap/its/bbpstart?sap-client=300&sap-loginGroup=S2P_SRM_GRP,TT000117@us.ibm.com,passw0rd
QHE PRE-PROD,300,Telstra,https://setup.p2p.ihost.com:3443/p2p/srm/sap/bc/gui/sap/its/bbpstart?sap-client=300&sap-loginGroup=S2P_SRM_GRP,TT000119@us.ibm.com,passw0rd
QHE PRE-PROD,300,Telstra,https://setup.p2p.ihost.com:3443/p2p/srm/sap/bc/gui/sap/its/bbpstart?sap-client=300&sap-loginGroup=S2P_SRM_GRP,TT000120@us.ibm.com,passw0rd
QKS Test,100,Omron,https://setup.p2p.ihost.com:2443/sapasjava/sap/bc/bsp/sap/srmsus/?sap-client=100,ZQS1_EXSUP3@us.ibm.com,passw0rd
QKS Test,100,Omron,https://setup.p2p.ihost.com:2443/sapasjava/sap/bc/bsp/sap/srmsus/?sap-client=100,ZQS1_EXSUP4@us.ibm.com,passw0rd
QKS Test,100,Omron,https://setup.p2p.ihost.com:2443/sapasjava/sap/bc/bsp/sap/srmsus/?sap-client=100,ZQS1_EXSUP5@us.ibm.com,passw0rd
QKS Test,100,Omron,https://setup.p2p.ihost.com:2443/sapasjava/sap/bc/bsp/sap/srmsus/?sap-client=100,ZQS1_EXSUP6@us.ibm.com,passw0rd
QKS Test,100,Omron,https://setup.p2p.ihost.com:2443/sapasjava/sap/bc/bsp/sap/srmsus/?sap-client=100,ZQS1_EXSUP7@us.ibm.com,passw0rd
QKS Test,100,Omron,https://setup.p2p.ihost.com:2443/sapasjava/sap/bc/bsp/sap/srmsus/?sap-client=100,ZQS1_EXSUP8@us.ibm.com,passw0rd
QKS Test,100,Omron,https://setup.p2p.ihost.com:2443/sapasjava/sap/bc/bsp/sap/srmsus/?sap-client=100,ZQS1_EXSUP9@us.ibm.com,passw0rd
QKS Test,100,Omron,https://setup.p2p.ihost.com:2443/sapasjava/sap/bc/bsp/sap/srmsus/?sap-client=100,ZQS1_EXSUP10@us.ibm.com,passw0rd
QKS Test,100,Omron,https://setup.p2p.ihost.com:2443/sapasjava/sap/bc/bsp/sap/srmsus/?sap-client=100,ZQS1_EXSUP11@us.ibm.com,passw0rd
QKS Test,100,Omron,https://setup.p2p.ihost.com:2443/sapasjava/sap/bc/bsp/sap/srmsus/?sap-client=100,ZQS1_EXSUP12@us.ibm.com,passw0rd
QKS Test,100,Omron,https://setup.p2p.ihost.com:2443/sapasjava/sap/bc/bsp/sap/srmsus/?sap-client=100,ZQS1_EXSUP13@us.ibm.com,passw0rd
QKS Test,100,Omron,https://setup.p2p.ihost.com:2443/sapasjava/sap/bc/bsp/sap/srmsus/?sap-client=100,ZQS1_EXSUP14@us.ibm.com,passw0rd
QKS Test,100,Omron,https://setup.p2p.ihost.com:2443/sapasjava/sap/bc/bsp/sap/srmsus/?sap-client=100,ZQS1_EXSUP15@us.ibm.com,passw0rd
QKS Test,100,Omron,https://setup.p2p.ihost.com:2443/sapasjava/sap/bc/bsp/sap/srmsus/?sap-client=100,ZQS1_EXSUP16@us.ibm.com,passw0rd
QKS Test,100,Omron,https://setup.p2p.ihost.com:2443/sapasjava/sap/bc/bsp/sap/srmsus/?sap-client=100,ZQS1_EXSUP17@us.ibm.com,passw0rd
QKS Test,100,Omron,https://setup.p2p.ihost.com:2443/sapasjava/sap/bc/bsp/sap/srmsus/?sap-client=100,ZQS1_EXSUP18@us.ibm.com,passw0rd
QKS Test,100,Omron,https://setup.p2p.ihost.com:2443/sapasjava/sap/bc/bsp/sap/srmsus/?sap-client=100,ZQS1_EXSUP19@us.ibm.com,passw0rd
QKS Test,100,Omron,https://setup.p2p.ihost.com:2443/sapasjava/sap/bc/bsp/sap/srmsus/?sap-client=100,ZQS1_EXSUP20@us.ibm.com,passw0rd
QHS Pre-Prod,100,Omron,https://setup.p2p.ihost.com:3443/sapasjava/sap/bc/bsp/sap/srmsus/?sap-client=100,ZQS1_EXSUP3@us.ibm.com,passw0rd
QHS Pre-Prod,100,Omron,https://setup.p2p.ihost.com:3443/sapasjava/sap/bc/bsp/sap/srmsus/?sap-client=100,ZQS1_EXSUP4@us.ibm.com,passw0rd
QHS Pre-Prod,100,Omron,https://setup.p2p.ihost.com:3443/sapasjava/sap/bc/bsp/sap/srmsus/?sap-client=100,ZQS1_EXSUP5@us.ibm.com,passw0rd
QHS Pre-Prod,100,Omron,https://setup.p2p.ihost.com:3443/sapasjava/sap/bc/bsp/sap/srmsus/?sap-client=100,ZQS1_EXSUP6@us.ibm.com,passw0rd
QHS Pre-Prod,100,Omron,https://setup.p2p.ihost.com:3443/sapasjava/sap/bc/bsp/sap/srmsus/?sap-client=100,ZQS1_EXSUP7@us.ibm.com,passw0rd
